{
    "parent": "item/generated",
    "display": {
        "thirdperson_righthand": {
            "rotation": [ 0, -90, 55 ],
            "translation": [ 0, 8.0, 0.5 ],
            "scale": [ 1.7, 1.7, 1.7 ]
        },
        "thirdperson_lefthand": {
            "rotation": [ 0, 90, -55 ],
            "translation": [ 0, 8.0, 0.5 ],
            "scale": [ 1.7, 1.7, 1.7 ]
        },
        "firstperson_righthand": {
            "rotation": [ 0, -90, 25 ],
            "translation": [ 1.13, 3.2, 1.13 ],
            "scale": [ 1.36, 1.36, 1.36 ]
        },
        "firstperson_lefthand": {
            "rotation": [ 0, 90, -25 ],
            "translation": [ 1.13, 3.2, 1.13 ],
            "scale": [ 1.36, 1.36, 1.36 ]
        },
        "ground": {
            "scale": [ 1.5, 1.5, 1.5],
            "translation": [ 0, 4, 0 ]
        },
        "gui": {
            "scale": [ 1.5, 1.5, 1.5 ]
        },
        "fixed": {
            "scale": [ 2, 2, 2 ],
            "translation": [ 2, 2, 0 ]
        }
    }
}
