{
    "parent": "builtin/generated",
    "display": {
        "ground": {
            "scale": [ 1.5, 1.5, 1.5],
            "translation": [ 0, 4, 0 ]
        },
        "head": {
            "rotation": [ 0, 180, 0 ],
            "translation": [ 0, 13, 7],
            "scale":[ 2, 2, 2]
        },
        "thirdperson_righthand": {
            "rotation": [ 0, 0, 0 ],
            "translation": [ 0, 3, 1 ],
            "scale": [ 1.1, 1.1, 1.1 ]
        },
        "firstperson_righthand": {
            "rotation": [ 0, -90, 25 ],
            "translation": [ 1.13, 3.2, 1.13],
            "scale": [ 1.36, 1.36, 1.36 ]
        },
        "fixed": {
            "rotation": [ 0, 180, 0 ],
            "scale": [ 2, 2, 2 ]
        },
        "gui": {
            "scale": [ 2, 2, 2 ]
        }
    }
}
