{
    "parent": "item/generated",
    "display": {
        "thirdperson_righthand": {
            "rotation": [ 0, 270, 55 ],
            "translation": [ 0, 14, -1 ],
            "scale": [ 1.7, 1.7, 1.7 ]
        },
        "firstperson_righthand": {
            "rotation": [ 0, -90, 25 ],
            "translation": [ 0, 9, 4 ],
            "scale": [ 1, 1, 1 ]
        },
        "ground": {
            "rotation": [ 0, 180, 90 ],
            "scale": [ 1.5, 1.5, 1.5],
            "translation": [ 4, 8, 0 ]
        },
        "gui": {
            "rotation": [ 0, 180, 90 ],
            "scale": [ 2, 2, 2 ],
            "translation": [ 5, 5, 0 ]
        },
        "fixed": {
            "scale": [ 2, 2, 2 ],
            "translation": [ 2, 2, 0 ]
        }
    }
}
