{
	"elements": [
		{
			"from": [4, 0, 7.5],
			"to": [12, 16, 8.5],
			"faces": {
				"north": {"uv": [4, 0, 12, 16], "texture": "#0"},
				"east": {"uv": [4, 0, 5, 16], "texture": "#0"},
				"south": {"uv": [4, 0, 12, 16], "texture": "#1"},
				"west": {"uv": [11, 0, 12, 16], "texture": "#0"},
				"up": {"uv": [4, 0, 12, 1], "texture": "#0"},
				"down": {"uv": [4, 15, 12, 16], "texture": "#0"}
			}
		},
		{
			"from": [3, 1, 7.5],
			"to": [5, 15, 8.5],
			"faces": {
				"north": {"uv": [11, 1, 13, 15], "texture": "#0"},
				"east": {"uv": [12, 1, 13, 15], "texture": "#0"},
				"south": {"uv": [3, 1, 5, 15], "texture": "#1"},
				"west": {"uv": [12, 1, 13, 15], "texture": "#0"},
				"up": {"uv": [12, 1, 13, 2], "texture": "#0"},
				"down": {"uv": [12, 14, 13, 15], "texture": "#0"}
			}
		},
		{
			"from": [11, 1, 7.5],
			"to": [13, 15, 8.5],
			"faces": {
				"north": {"uv": [3, 1, 5, 15], "texture": "#0"},
				"east": {"uv": [12, 1, 13, 15], "texture": "#0"},
				"south": {"uv": [11, 1, 13, 15], "texture": "#1"},
				"west": {"uv": [12, 1, 13, 15], "texture": "#0"},
				"up": {"uv": [12, 1, 13, 2], "texture": "#0"},
				"down": {"uv": [12, 14, 13, 15], "texture": "#0"}
			}
		}
	],
	"gui_light": "front",
    "display": {
        "ground": {
            "rotation": [ 0, 180, 0 ],
            "translation": [ 0, 2, 0],
            "scale":[ 0.5, 0.5, 0.5 ]
        },
        "head": {
            "rotation": [ 0, 180, 0 ],
            "translation": [ 0, 13, 7],
            "scale":[ 1, 1, 1]
        },
        "thirdperson_righthand": {
            "rotation": [ 0, 180, 0 ],
            "translation": [ 0, 3, 1 ],
            "scale": [ 0.55, 0.55, 0.55 ]
        },
        "firstperson_righthand": {
            "rotation": [ 0, 90, -25 ],
            "translation": [ 1.13, 3.2, 1.13],
            "scale": [ 0.68, 0.68, 0.68 ]
        },
        "fixed": {
            "rotation": [ 0, 0, 0 ],
            "scale": [ 1, 1, 1 ]
        },
		"gui": {
			"rotation": [0, 180, 0]
		}
    }
}